Voltages,Currents,Temperatures,Charge Currents,Charge Voltages,Time step
0.236356,-0.00348443,23.372,0,0.003,0
0.00336524,-0.00149573,23.3694,0,0.003,2.547
4.98514,0.000505608,23.3865,0,5.002,5.5
4.98472,0.000441775,23.387,-0.002,5.002,8.312
4.21344,-0.000733659,23.3851,-0.002,4.229,12.656
